Age,Year,Code,Gender,Rate
20 years,1991,VSA49C01,Marriages per 1000 Males,7.7
20 years,1991,VSA49C02,Marriages per 1000 Females,18
20 years,1996,VSA49C01,Marriages per 1000 Males,1.9
20 years,1996,VSA49C02,Marriages per 1000 Females,6.1
20 years,2000,VSA49C01,Marriages per 1000 Males,1.8
20 years,2000,VSA49C02,Marriages per 1000 Females,4.8
20 years,2001,VSA49C01,Marriages per 1000 Males,2.2
20 years,2001,VSA49C02,Marriages per 1000 Females,5.1
20 years,2002,VSA49C01,Marriages per 1000 Males,2
20 years,2002,VSA49C02,Marriages per 1000 Females,4.7
20 years,2003,VSA49C01,Marriages per 1000 Males,2.5
20 years,2003,VSA49C02,Marriages per 1000 Females,4.2
20 years,2004,VSA49C01,Marriages per 1000 Males,2.1
20 years,2004,VSA49C02,Marriages per 1000 Females,3.8
20 years,2005,VSA49C01,Marriages per 1000 Males,2
20 years,2005,VSA49C02,Marriages per 1000 Females,4.3
20 years,2006,VSA49C01,Marriages per 1000 Males,2.5
20 years,2006,VSA49C02,Marriages per 1000 Females,4.8
20 years,2007,VSA49C01,Marriages per 1000 Males,2.5
20 years,2007,VSA49C02,Marriages per 1000 Females,4.9
20 years,2008,VSA49C01,Marriages per 1000 Males,1.6
20 years,2008,VSA49C02,Marriages per 1000 Females,4.1
20 years,2009,VSA49C01,Marriages per 1000 Males,2.1
20 years,2009,VSA49C02,Marriages per 1000 Females,5.8
20 years,2010,VSA49C01,Marriages per 1000 Males,1.9
20 years,2010,VSA49C02,Marriages per 1000 Females,3.7
20 years,2011,VSA49C01,Marriages per 1000 Males,1.7
20 years,2011,VSA49C02,Marriages per 1000 Females,3.1
20 years,2012,VSA49C01,Marriages per 1000 Males,2.3
20 years,2012,VSA49C02,Marriages per 1000 Females,3.9
20 years,2013,VSA49C01,Marriages per 1000 Males,2.5
20 years,2013,VSA49C02,Marriages per 1000 Females,3.6
20 years,2014,VSA49C01,Marriages per 1000 Males,2.4
20 years,2014,VSA49C02,Marriages per 1000 Females,5.3
20 years,2015,VSA49C01,Marriages per 1000 Males,2.4
20 years,2015,VSA49C02,Marriages per 1000 Females,4.4
20 years,2016,VSA49C01,Marriages per 1000 Males,2.5
20 years,2016,VSA49C02,Marriages per 1000 Females,3
20 years,2017,VSA49C01,Marriages per 1000 Males,1.8
20 years,2017,VSA49C02,Marriages per 1000 Females,2.2
20 years,2018,VSA49C01,Marriages per 1000 Males,1.5
20 years,2018,VSA49C02,Marriages per 1000 Females,1.4
20 years,2019,VSA49C01,Marriages per 1000 Males,1.4
20 years,2019,VSA49C02,Marriages per 1000 Females,1.5
21 years,1991,VSA49C01,Marriages per 1000 Males,13.8
21 years,1991,VSA49C02,Marriages per 1000 Females,31.4
21 years,1996,VSA49C01,Marriages per 1000 Males,4.7
21 years,1996,VSA49C02,Marriages per 1000 Females,12
21 years,2000,VSA49C01,Marriages per 1000 Males,3.4
21 years,2000,VSA49C02,Marriages per 1000 Females,8.4
21 years,2001,VSA49C01,Marriages per 1000 Males,2.6
21 years,2001,VSA49C02,Marriages per 1000 Females,8.2
21 years,2002,VSA49C01,Marriages per 1000 Males,3
21 years,2002,VSA49C02,Marriages per 1000 Females,7.3
21 years,2003,VSA49C01,Marriages per 1000 Males,3
21 years,2003,VSA49C02,Marriages per 1000 Females,6.4
21 years,2004,VSA49C01,Marriages per 1000 Males,2.5
21 years,2004,VSA49C02,Marriages per 1000 Females,5
21 years,2005,VSA49C01,Marriages per 1000 Males,3.2
21 years,2005,VSA49C02,Marriages per 1000 Females,4.9
21 years,2006,VSA49C01,Marriages per 1000 Males,3.4
21 years,2006,VSA49C02,Marriages per 1000 Females,6.1
21 years,2007,VSA49C01,Marriages per 1000 Males,2.8
21 years,2007,VSA49C02,Marriages per 1000 Females,5.6
21 years,2008,VSA49C01,Marriages per 1000 Males,2.2
21 years,2008,VSA49C02,Marriages per 1000 Females,5.1
21 years,2009,VSA49C01,Marriages per 1000 Males,2.7
21 years,2009,VSA49C02,Marriages per 1000 Females,6.7
21 years,2010,VSA49C01,Marriages per 1000 Males,2.6
21 years,2010,VSA49C02,Marriages per 1000 Females,5
21 years,2011,VSA49C01,Marriages per 1000 Males,1.8
21 years,2011,VSA49C02,Marriages per 1000 Females,3.5
21 years,2012,VSA49C01,Marriages per 1000 Males,2.6
21 years,2012,VSA49C02,Marriages per 1000 Females,4.8
21 years,2013,VSA49C01,Marriages per 1000 Males,1.8
21 years,2013,VSA49C02,Marriages per 1000 Females,4.6
21 years,2014,VSA49C01,Marriages per 1000 Males,2.3
21 years,2014,VSA49C02,Marriages per 1000 Females,5.6
21 years,2015,VSA49C01,Marriages per 1000 Males,3.5
21 years,2015,VSA49C02,Marriages per 1000 Females,5.6
21 years,2016,VSA49C01,Marriages per 1000 Males,2.2
21 years,2016,VSA49C02,Marriages per 1000 Females,3.1
21 years,2017,VSA49C01,Marriages per 1000 Males,1.5
21 years,2017,VSA49C02,Marriages per 1000 Females,2.1
21 years,2018,VSA49C01,Marriages per 1000 Males,1
21 years,2018,VSA49C02,Marriages per 1000 Females,1.8
21 years,2019,VSA49C01,Marriages per 1000 Males,1.4
21 years,2019,VSA49C02,Marriages per 1000 Females,1.9
22 years,1991,VSA49C01,Marriages per 1000 Males,26.5
22 years,1991,VSA49C02,Marriages per 1000 Females,50.5
22 years,1996,VSA49C01,Marriages per 1000 Males,9.1
22 years,1996,VSA49C02,Marriages per 1000 Females,21.7
22 years,2000,VSA49C01,Marriages per 1000 Males,6.2
22 years,2000,VSA49C02,Marriages per 1000 Females,15.8
22 years,2001,VSA49C01,Marriages per 1000 Males,6.1
22 years,2001,VSA49C02,Marriages per 1000 Females,13.6
22 years,2002,VSA49C01,Marriages per 1000 Males,5.6
22 years,2002,VSA49C02,Marriages per 1000 Females,12.1
22 years,2003,VSA49C01,Marriages per 1000 Males,4.5
22 years,2003,VSA49C02,Marriages per 1000 Females,10.1
22 years,2004,VSA49C01,Marriages per 1000 Males,3.9
22 years,2004,VSA49C02,Marriages per 1000 Females,9.1
22 years,2005,VSA49C01,Marriages per 1000 Males,4.8
22 years,2005,VSA49C02,Marriages per 1000 Females,9.7
22 years,2006,VSA49C01,Marriages per 1000 Males,5.2
22 years,2006,VSA49C02,Marriages per 1000 Females,9.2
22 years,2007,VSA49C01,Marriages per 1000 Males,3.6
22 years,2007,VSA49C02,Marriages per 1000 Females,7.9
22 years,2008,VSA49C01,Marriages per 1000 Males,2.6
22 years,2008,VSA49C02,Marriages per 1000 Females,5.9
22 years,2009,VSA49C01,Marriages per 1000 Males,4.2
22 years,2009,VSA49C02,Marriages per 1000 Females,8
22 years,2010,VSA49C01,Marriages per 1000 Males,3.1
22 years,2010,VSA49C02,Marriages per 1000 Females,5.6
22 years,2011,VSA49C01,Marriages per 1000 Males,2.6
22 years,2011,VSA49C02,Marriages per 1000 Females,5.5
22 years,2012,VSA49C01,Marriages per 1000 Males,2.4
22 years,2012,VSA49C02,Marriages per 1000 Females,5.5
22 years,2013,VSA49C01,Marriages per 1000 Males,3.1
22 years,2013,VSA49C02,Marriages per 1000 Females,5.6
22 years,2014,VSA49C01,Marriages per 1000 Males,3.5
22 years,2014,VSA49C02,Marriages per 1000 Females,6.5
22 years,2015,VSA49C01,Marriages per 1000 Males,3.5
22 years,2015,VSA49C02,Marriages per 1000 Females,6.4
22 years,2016,VSA49C01,Marriages per 1000 Males,2.7
22 years,2016,VSA49C02,Marriages per 1000 Females,5.4
22 years,2017,VSA49C01,Marriages per 1000 Males,2.4
22 years,2017,VSA49C02,Marriages per 1000 Females,4.2
22 years,2018,VSA49C01,Marriages per 1000 Males,1.7
22 years,2018,VSA49C02,Marriages per 1000 Females,3.1
22 years,2019,VSA49C01,Marriages per 1000 Males,1.9
22 years,2019,VSA49C02,Marriages per 1000 Females,3.2
23 years,1991,VSA49C01,Marriages per 1000 Males,41.9
23 years,1991,VSA49C02,Marriages per 1000 Females,65.2
23 years,1996,VSA49C01,Marriages per 1000 Males,16.3
23 years,1996,VSA49C02,Marriages per 1000 Females,32.9
23 years,2000,VSA49C01,Marriages per 1000 Males,10
23 years,2000,VSA49C02,Marriages per 1000 Females,23.8
23 years,2001,VSA49C01,Marriages per 1000 Males,9.5
23 years,2001,VSA49C02,Marriages per 1000 Females,23.7
23 years,2002,VSA49C01,Marriages per 1000 Males,8.2
23 years,2002,VSA49C02,Marriages per 1000 Females,20.8
23 years,2003,VSA49C01,Marriages per 1000 Males,8.1
23 years,2003,VSA49C02,Marriages per 1000 Females,18.2
23 years,2004,VSA49C01,Marriages per 1000 Males,6.9
23 years,2004,VSA49C02,Marriages per 1000 Females,14.6
23 years,2005,VSA49C01,Marriages per 1000 Males,7.4
23 years,2005,VSA49C02,Marriages per 1000 Females,14.9
23 years,2006,VSA49C01,Marriages per 1000 Males,6.8
23 years,2006,VSA49C02,Marriages per 1000 Females,14
23 years,2007,VSA49C01,Marriages per 1000 Males,6.4
23 years,2007,VSA49C02,Marriages per 1000 Females,12.2
23 years,2008,VSA49C01,Marriages per 1000 Males,4.8
23 years,2008,VSA49C02,Marriages per 1000 Females,9.8
23 years,2009,VSA49C01,Marriages per 1000 Males,5.3
23 years,2009,VSA49C02,Marriages per 1000 Females,10.8
23 years,2010,VSA49C01,Marriages per 1000 Males,4.8
23 years,2010,VSA49C02,Marriages per 1000 Females,7.9
23 years,2011,VSA49C01,Marriages per 1000 Males,3.8
23 years,2011,VSA49C02,Marriages per 1000 Females,7.5
23 years,2012,VSA49C01,Marriages per 1000 Males,4.8
23 years,2012,VSA49C02,Marriages per 1000 Females,7.5
23 years,2013,VSA49C01,Marriages per 1000 Males,4.1
23 years,2013,VSA49C02,Marriages per 1000 Females,8.9
23 years,2014,VSA49C01,Marriages per 1000 Males,4.3
23 years,2014,VSA49C02,Marriages per 1000 Females,8.6
23 years,2015,VSA49C01,Marriages per 1000 Males,4.8
23 years,2015,VSA49C02,Marriages per 1000 Females,9.6
23 years,2016,VSA49C01,Marriages per 1000 Males,4.4
23 years,2016,VSA49C02,Marriages per 1000 Females,6.9
23 years,2017,VSA49C01,Marriages per 1000 Males,2.6
23 years,2017,VSA49C02,Marriages per 1000 Females,5
23 years,2018,VSA49C01,Marriages per 1000 Males,2.7
23 years,2018,VSA49C02,Marriages per 1000 Females,4.3
23 years,2019,VSA49C01,Marriages per 1000 Males,2.3
23 years,2019,VSA49C02,Marriages per 1000 Females,5
24 years,1991,VSA49C01,Marriages per 1000 Males,59.2
24 years,1991,VSA49C02,Marriages per 1000 Females,78.2
24 years,1996,VSA49C01,Marriages per 1000 Males,28.3
24 years,1996,VSA49C02,Marriages per 1000 Females,50.8
24 years,2000,VSA49C01,Marriages per 1000 Males,17.9
24 years,2000,VSA49C02,Marriages per 1000 Females,35.7
24 years,2001,VSA49C01,Marriages per 1000 Males,17.3
24 years,2001,VSA49C02,Marriages per 1000 Females,32.9
24 years,2002,VSA49C01,Marriages per 1000 Males,15.8
24 years,2002,VSA49C02,Marriages per 1000 Females,30.2
24 years,2003,VSA49C01,Marriages per 1000 Males,14.1
24 years,2003,VSA49C02,Marriages per 1000 Females,27.9
24 years,2004,VSA49C01,Marriages per 1000 Males,12.1
24 years,2004,VSA49C02,Marriages per 1000 Females,26.1
24 years,2005,VSA49C01,Marriages per 1000 Males,11.6
24 years,2005,VSA49C02,Marriages per 1000 Females,24.6
24 years,2006,VSA49C01,Marriages per 1000 Males,11.3
24 years,2006,VSA49C02,Marriages per 1000 Females,20.2
24 years,2007,VSA49C01,Marriages per 1000 Males,9.7
24 years,2007,VSA49C02,Marriages per 1000 Females,19.2
24 years,2008,VSA49C01,Marriages per 1000 Males,8
24 years,2008,VSA49C02,Marriages per 1000 Females,17.7
24 years,2009,VSA49C01,Marriages per 1000 Males,8.9
24 years,2009,VSA49C02,Marriages per 1000 Females,16.8
24 years,2010,VSA49C01,Marriages per 1000 Males,6.4
24 years,2010,VSA49C02,Marriages per 1000 Females,12.3
24 years,2011,VSA49C01,Marriages per 1000 Males,5.6
24 years,2011,VSA49C02,Marriages per 1000 Females,12.1
24 years,2012,VSA49C01,Marriages per 1000 Males,6.5
24 years,2012,VSA49C02,Marriages per 1000 Females,12.6
24 years,2013,VSA49C01,Marriages per 1000 Males,6.9
24 years,2013,VSA49C02,Marriages per 1000 Females,12
24 years,2014,VSA49C01,Marriages per 1000 Males,7.8
24 years,2014,VSA49C02,Marriages per 1000 Females,13.6
24 years,2015,VSA49C01,Marriages per 1000 Males,7.9
24 years,2015,VSA49C02,Marriages per 1000 Females,12.1
24 years,2016,VSA49C01,Marriages per 1000 Males,7.1
24 years,2016,VSA49C02,Marriages per 1000 Females,10.5
24 years,2017,VSA49C01,Marriages per 1000 Males,4.6
24 years,2017,VSA49C02,Marriages per 1000 Females,8.2
24 years,2018,VSA49C01,Marriages per 1000 Males,4.1
24 years,2018,VSA49C02,Marriages per 1000 Females,7.4
24 years,2019,VSA49C01,Marriages per 1000 Males,4.2
24 years,2019,VSA49C02,Marriages per 1000 Females,6.9
25 years,1991,VSA49C01,Marriages per 1000 Males,71.6
25 years,1991,VSA49C02,Marriages per 1000 Females,80.3
25 years,1996,VSA49C01,Marriages per 1000 Males,45.2
25 years,1996,VSA49C02,Marriages per 1000 Females,60.4
25 years,2000,VSA49C01,Marriages per 1000 Males,30.1
25 years,2000,VSA49C02,Marriages per 1000 Females,49.9
25 years,2001,VSA49C01,Marriages per 1000 Males,26.4
25 years,2001,VSA49C02,Marriages per 1000 Females,42.3
25 years,2002,VSA49C01,Marriages per 1000 Males,25.6
25 years,2002,VSA49C02,Marriages per 1000 Females,43.1
25 years,2003,VSA49C01,Marriages per 1000 Males,22
25 years,2003,VSA49C02,Marriages per 1000 Females,41.3
25 years,2004,VSA49C01,Marriages per 1000 Males,21.3
25 years,2004,VSA49C02,Marriages per 1000 Females,39.4
25 years,2005,VSA49C01,Marriages per 1000 Males,17.1
25 years,2005,VSA49C02,Marriages per 1000 Females,32.9
25 years,2006,VSA49C01,Marriages per 1000 Males,17
25 years,2006,VSA49C02,Marriages per 1000 Females,29.8
25 years,2007,VSA49C01,Marriages per 1000 Males,13.8
25 years,2007,VSA49C02,Marriages per 1000 Females,26.1
25 years,2008,VSA49C01,Marriages per 1000 Males,13.7
25 years,2008,VSA49C02,Marriages per 1000 Females,24.1
25 years,2009,VSA49C01,Marriages per 1000 Males,13.7
25 years,2009,VSA49C02,Marriages per 1000 Females,22.3
25 years,2010,VSA49C01,Marriages per 1000 Males,11.8
25 years,2010,VSA49C02,Marriages per 1000 Females,19
25 years,2011,VSA49C01,Marriages per 1000 Males,10.8
25 years,2011,VSA49C02,Marriages per 1000 Females,17.2
25 years,2012,VSA49C01,Marriages per 1000 Males,10.3
25 years,2012,VSA49C02,Marriages per 1000 Females,17.9
25 years,2013,VSA49C01,Marriages per 1000 Males,10.2
25 years,2013,VSA49C02,Marriages per 1000 Females,18.4
25 years,2014,VSA49C01,Marriages per 1000 Males,12.1
25 years,2014,VSA49C02,Marriages per 1000 Females,19.9
25 years,2015,VSA49C01,Marriages per 1000 Males,11.6
25 years,2015,VSA49C02,Marriages per 1000 Females,19.6
25 years,2016,VSA49C01,Marriages per 1000 Males,9.4
25 years,2016,VSA49C02,Marriages per 1000 Females,16
25 years,2017,VSA49C01,Marriages per 1000 Males,7.1
25 years,2017,VSA49C02,Marriages per 1000 Females,13.3
25 years,2018,VSA49C01,Marriages per 1000 Males,6.3
25 years,2018,VSA49C02,Marriages per 1000 Females,11.6
25 years,2019,VSA49C01,Marriages per 1000 Males,6.9
25 years,2019,VSA49C02,Marriages per 1000 Females,11
26 years,1991,VSA49C01,Marriages per 1000 Males,79.9
26 years,1991,VSA49C02,Marriages per 1000 Females,74.8
26 years,1996,VSA49C01,Marriages per 1000 Males,55.4
26 years,1996,VSA49C02,Marriages per 1000 Females,67.4
26 years,2000,VSA49C01,Marriages per 1000 Males,46.6
26 years,2000,VSA49C02,Marriages per 1000 Females,66.8
26 years,2001,VSA49C01,Marriages per 1000 Males,39.9
26 years,2001,VSA49C02,Marriages per 1000 Females,62.7
26 years,2002,VSA49C01,Marriages per 1000 Males,35.8
26 years,2002,VSA49C02,Marriages per 1000 Females,52.7
26 years,2003,VSA49C01,Marriages per 1000 Males,32.5
26 years,2003,VSA49C02,Marriages per 1000 Females,50.3
26 years,2004,VSA49C01,Marriages per 1000 Males,31.1
26 years,2004,VSA49C02,Marriages per 1000 Females,46.5
26 years,2005,VSA49C01,Marriages per 1000 Males,29.8
26 years,2005,VSA49C02,Marriages per 1000 Females,43.3
26 years,2006,VSA49C01,Marriages per 1000 Males,24.7
26 years,2006,VSA49C02,Marriages per 1000 Females,40.5
26 years,2007,VSA49C01,Marriages per 1000 Males,21.7
26 years,2007,VSA49C02,Marriages per 1000 Females,36.5
26 years,2008,VSA49C01,Marriages per 1000 Males,20.3
26 years,2008,VSA49C02,Marriages per 1000 Females,31.9
26 years,2009,VSA49C01,Marriages per 1000 Males,20.9
26 years,2009,VSA49C02,Marriages per 1000 Females,30.5
26 years,2010,VSA49C01,Marriages per 1000 Males,18.9
26 years,2010,VSA49C02,Marriages per 1000 Females,30.2
26 years,2011,VSA49C01,Marriages per 1000 Males,15.2
26 years,2011,VSA49C02,Marriages per 1000 Females,25.6
26 years,2012,VSA49C01,Marriages per 1000 Males,16.4
26 years,2012,VSA49C02,Marriages per 1000 Females,26.9
26 years,2013,VSA49C01,Marriages per 1000 Males,16.2
26 years,2013,VSA49C02,Marriages per 1000 Females,27.9
26 years,2014,VSA49C01,Marriages per 1000 Males,17.8
26 years,2014,VSA49C02,Marriages per 1000 Females,27.4
26 years,2015,VSA49C01,Marriages per 1000 Males,17.8
26 years,2015,VSA49C02,Marriages per 1000 Females,27.7
26 years,2016,VSA49C01,Marriages per 1000 Males,14.4
26 years,2016,VSA49C02,Marriages per 1000 Females,25.9
26 years,2017,VSA49C01,Marriages per 1000 Males,12.8
26 years,2017,VSA49C02,Marriages per 1000 Females,21.2
26 years,2018,VSA49C01,Marriages per 1000 Males,10.9
26 years,2018,VSA49C02,Marriages per 1000 Females,18.8
26 years,2019,VSA49C01,Marriages per 1000 Males,10.3
26 years,2019,VSA49C02,Marriages per 1000 Females,17.3
27 years,1991,VSA49C01,Marriages per 1000 Males,73.6
27 years,1991,VSA49C02,Marriages per 1000 Females,61.9
27 years,1996,VSA49C01,Marriages per 1000 Males,67.4
27 years,1996,VSA49C02,Marriages per 1000 Females,70.3
27 years,2000,VSA49C01,Marriages per 1000 Males,59.2
27 years,2000,VSA49C02,Marriages per 1000 Females,67.9
27 years,2001,VSA49C01,Marriages per 1000 Males,55.3
27 years,2001,VSA49C02,Marriages per 1000 Females,65.5
27 years,2002,VSA49C01,Marriages per 1000 Males,51
27 years,2002,VSA49C02,Marriages per 1000 Females,61.2
27 years,2003,VSA49C01,Marriages per 1000 Males,46
27 years,2003,VSA49C02,Marriages per 1000 Females,59.9
27 years,2004,VSA49C01,Marriages per 1000 Males,42.2
27 years,2004,VSA49C02,Marriages per 1000 Females,53.6
27 years,2005,VSA49C01,Marriages per 1000 Males,37.6
27 years,2005,VSA49C02,Marriages per 1000 Females,53.5
27 years,2006,VSA49C01,Marriages per 1000 Males,35
27 years,2006,VSA49C02,Marriages per 1000 Females,48.5
27 years,2007,VSA49C01,Marriages per 1000 Males,32.9
27 years,2007,VSA49C02,Marriages per 1000 Females,48.6
27 years,2008,VSA49C01,Marriages per 1000 Males,28.7
27 years,2008,VSA49C02,Marriages per 1000 Females,41.8
27 years,2009,VSA49C01,Marriages per 1000 Males,26.6
27 years,2009,VSA49C02,Marriages per 1000 Females,37.7
27 years,2010,VSA49C01,Marriages per 1000 Males,26.8
27 years,2010,VSA49C02,Marriages per 1000 Females,36.9
27 years,2011,VSA49C01,Marriages per 1000 Males,24.2
27 years,2011,VSA49C02,Marriages per 1000 Females,34.9
27 years,2012,VSA49C01,Marriages per 1000 Males,26.3
27 years,2012,VSA49C02,Marriages per 1000 Females,38.3
27 years,2013,VSA49C01,Marriages per 1000 Males,22.9
27 years,2013,VSA49C02,Marriages per 1000 Females,35.7
27 years,2014,VSA49C01,Marriages per 1000 Males,27.2
27 years,2014,VSA49C02,Marriages per 1000 Females,38.4
27 years,2015,VSA49C01,Marriages per 1000 Males,26.1
27 years,2015,VSA49C02,Marriages per 1000 Females,36.3
27 years,2016,VSA49C01,Marriages per 1000 Males,23
27 years,2016,VSA49C02,Marriages per 1000 Females,36.1
27 years,2017,VSA49C01,Marriages per 1000 Males,20.6
27 years,2017,VSA49C02,Marriages per 1000 Females,33.3
27 years,2018,VSA49C01,Marriages per 1000 Males,18.8
27 years,2018,VSA49C02,Marriages per 1000 Females,29.4
27 years,2019,VSA49C01,Marriages per 1000 Males,17.5
27 years,2019,VSA49C02,Marriages per 1000 Females,27.3
28 years,1991,VSA49C01,Marriages per 1000 Males,65.8
28 years,1991,VSA49C02,Marriages per 1000 Females,48.5
28 years,1996,VSA49C01,Marriages per 1000 Males,65.6
28 years,1996,VSA49C02,Marriages per 1000 Females,60.7
28 years,2000,VSA49C01,Marriages per 1000 Males,65.8
28 years,2000,VSA49C02,Marriages per 1000 Females,67.5
28 years,2001,VSA49C01,Marriages per 1000 Males,62.5
28 years,2001,VSA49C02,Marriages per 1000 Females,64.1
28 years,2002,VSA49C01,Marriages per 1000 Males,57.4
28 years,2002,VSA49C02,Marriages per 1000 Females,64.9
28 years,2003,VSA49C01,Marriages per 1000 Males,54.5
28 years,2003,VSA49C02,Marriages per 1000 Females,66.6
28 years,2004,VSA49C01,Marriages per 1000 Males,52.8
28 years,2004,VSA49C02,Marriages per 1000 Females,62.5
28 years,2005,VSA49C01,Marriages per 1000 Males,45.2
28 years,2005,VSA49C02,Marriages per 1000 Females,56
28 years,2006,VSA49C01,Marriages per 1000 Males,44.6
28 years,2006,VSA49C02,Marriages per 1000 Females,58.9
28 years,2007,VSA49C01,Marriages per 1000 Males,45
28 years,2007,VSA49C02,Marriages per 1000 Females,57.4
28 years,2008,VSA49C01,Marriages per 1000 Males,37
28 years,2008,VSA49C02,Marriages per 1000 Females,50.7
28 years,2009,VSA49C01,Marriages per 1000 Males,35.5
28 years,2009,VSA49C02,Marriages per 1000 Females,45.4
28 years,2010,VSA49C01,Marriages per 1000 Males,36.5
28 years,2010,VSA49C02,Marriages per 1000 Females,44.7
28 years,2011,VSA49C01,Marriages per 1000 Males,33.5
28 years,2011,VSA49C02,Marriages per 1000 Females,43.1
28 years,2012,VSA49C01,Marriages per 1000 Males,37.3
28 years,2012,VSA49C02,Marriages per 1000 Females,45.2
28 years,2013,VSA49C01,Marriages per 1000 Males,36.2
28 years,2013,VSA49C02,Marriages per 1000 Females,45.5
28 years,2014,VSA49C01,Marriages per 1000 Males,37.5
28 years,2014,VSA49C02,Marriages per 1000 Females,49.7
28 years,2015,VSA49C01,Marriages per 1000 Males,37.1
28 years,2015,VSA49C02,Marriages per 1000 Females,51
28 years,2016,VSA49C01,Marriages per 1000 Males,34.1
28 years,2016,VSA49C02,Marriages per 1000 Females,48.6
28 years,2017,VSA49C01,Marriages per 1000 Males,30.8
28 years,2017,VSA49C02,Marriages per 1000 Females,44.1
28 years,2018,VSA49C01,Marriages per 1000 Males,28.5
28 years,2018,VSA49C02,Marriages per 1000 Females,44
28 years,2019,VSA49C01,Marriages per 1000 Males,24.6
28 years,2019,VSA49C02,Marriages per 1000 Females,38.9
29 years,1991,VSA49C01,Marriages per 1000 Males,51.9
29 years,1991,VSA49C02,Marriages per 1000 Females,37.2
29 years,1996,VSA49C01,Marriages per 1000 Males,57.5
29 years,1996,VSA49C02,Marriages per 1000 Females,50
29 years,2000,VSA49C01,Marriages per 1000 Males,64.4
29 years,2000,VSA49C02,Marriages per 1000 Females,64.3
29 years,2001,VSA49C01,Marriages per 1000 Males,61.4
29 years,2001,VSA49C02,Marriages per 1000 Females,63.4
29 years,2002,VSA49C01,Marriages per 1000 Males,57.3
29 years,2002,VSA49C02,Marriages per 1000 Females,59.4
29 years,2003,VSA49C01,Marriages per 1000 Males,63.8
29 years,2003,VSA49C02,Marriages per 1000 Females,59
29 years,2004,VSA49C01,Marriages per 1000 Males,55.5
29 years,2004,VSA49C02,Marriages per 1000 Females,62.9
29 years,2005,VSA49C01,Marriages per 1000 Males,55
29 years,2005,VSA49C02,Marriages per 1000 Females,61.2
29 years,2006,VSA49C01,Marriages per 1000 Males,52.4
29 years,2006,VSA49C02,Marriages per 1000 Females,58.3
29 years,2007,VSA49C01,Marriages per 1000 Males,50.2
29 years,2007,VSA49C02,Marriages per 1000 Females,57.5
29 years,2008,VSA49C01,Marriages per 1000 Males,47.2
29 years,2008,VSA49C02,Marriages per 1000 Females,56.1
29 years,2009,VSA49C01,Marriages per 1000 Males,44.3
29 years,2009,VSA49C02,Marriages per 1000 Females,49.4
29 years,2010,VSA49C01,Marriages per 1000 Males,43.6
29 years,2010,VSA49C02,Marriages per 1000 Females,50.8
29 years,2011,VSA49C01,Marriages per 1000 Males,39.6
29 years,2011,VSA49C02,Marriages per 1000 Females,47.5
29 years,2012,VSA49C01,Marriages per 1000 Males,44.3
29 years,2012,VSA49C02,Marriages per 1000 Females,49.7
29 years,2013,VSA49C01,Marriages per 1000 Males,45.3
29 years,2013,VSA49C02,Marriages per 1000 Females,51
29 years,2014,VSA49C01,Marriages per 1000 Males,49.6
29 years,2014,VSA49C02,Marriages per 1000 Females,57.9
29 years,2015,VSA49C01,Marriages per 1000 Males,48
29 years,2015,VSA49C02,Marriages per 1000 Females,58.2
29 years,2016,VSA49C01,Marriages per 1000 Males,47
29 years,2016,VSA49C02,Marriages per 1000 Females,59.8
29 years,2017,VSA49C01,Marriages per 1000 Males,45.6
29 years,2017,VSA49C02,Marriages per 1000 Females,57.4
29 years,2018,VSA49C01,Marriages per 1000 Males,37.8
29 years,2018,VSA49C02,Marriages per 1000 Females,53.4
29 years,2019,VSA49C01,Marriages per 1000 Males,36.3
29 years,2019,VSA49C02,Marriages per 1000 Females,52.3
30 years,1991,VSA49C01,Marriages per 1000 Males,44.1
30 years,1991,VSA49C02,Marriages per 1000 Females,28
30 years,1996,VSA49C01,Marriages per 1000 Males,53.1
30 years,1996,VSA49C02,Marriages per 1000 Females,38.1
30 years,2000,VSA49C01,Marriages per 1000 Males,66
30 years,2000,VSA49C02,Marriages per 1000 Females,51.8
30 years,2001,VSA49C01,Marriages per 1000 Males,60.4
30 years,2001,VSA49C02,Marriages per 1000 Females,51.7
30 years,2002,VSA49C01,Marriages per 1000 Males,59.5
30 years,2002,VSA49C02,Marriages per 1000 Females,52.7
30 years,2003,VSA49C01,Marriages per 1000 Males,55.8
30 years,2003,VSA49C02,Marriages per 1000 Females,50.8
30 years,2004,VSA49C01,Marriages per 1000 Males,59.6
30 years,2004,VSA49C02,Marriages per 1000 Females,57.3
30 years,2005,VSA49C01,Marriages per 1000 Males,54.6
30 years,2005,VSA49C02,Marriages per 1000 Females,57.4
30 years,2006,VSA49C01,Marriages per 1000 Males,53.8
30 years,2006,VSA49C02,Marriages per 1000 Females,54.8
30 years,2007,VSA49C01,Marriages per 1000 Males,55.2
30 years,2007,VSA49C02,Marriages per 1000 Females,55.6
30 years,2008,VSA49C01,Marriages per 1000 Males,51.5
30 years,2008,VSA49C02,Marriages per 1000 Females,51.6
30 years,2009,VSA49C01,Marriages per 1000 Males,45.6
30 years,2009,VSA49C02,Marriages per 1000 Females,51.7
30 years,2010,VSA49C01,Marriages per 1000 Males,45.7
30 years,2010,VSA49C02,Marriages per 1000 Females,49
30 years,2011,VSA49C01,Marriages per 1000 Males,42.8
30 years,2011,VSA49C02,Marriages per 1000 Females,46.3
30 years,2012,VSA49C01,Marriages per 1000 Males,48.3
30 years,2012,VSA49C02,Marriages per 1000 Females,51.7
30 years,2013,VSA49C01,Marriages per 1000 Males,51.1
30 years,2013,VSA49C02,Marriages per 1000 Females,51.4
30 years,2014,VSA49C01,Marriages per 1000 Males,56
30 years,2014,VSA49C02,Marriages per 1000 Females,55.3
30 years,2015,VSA49C01,Marriages per 1000 Males,55.8
30 years,2015,VSA49C02,Marriages per 1000 Females,62.5
30 years,2016,VSA49C01,Marriages per 1000 Males,56.9
30 years,2016,VSA49C02,Marriages per 1000 Females,61.4
30 years,2017,VSA49C01,Marriages per 1000 Males,54.2
30 years,2017,VSA49C02,Marriages per 1000 Females,62.1
30 years,2018,VSA49C01,Marriages per 1000 Males,50.5
30 years,2018,VSA49C02,Marriages per 1000 Females,65.3
30 years,2019,VSA49C01,Marriages per 1000 Males,46.9
30 years,2019,VSA49C02,Marriages per 1000 Females,54.7
31 years,1991,VSA49C01,Marriages per 1000 Males,34.2
31 years,1991,VSA49C02,Marriages per 1000 Females,21.2
31 years,1996,VSA49C01,Marriages per 1000 Males,44.7
31 years,1996,VSA49C02,Marriages per 1000 Females,29.5
31 years,2000,VSA49C01,Marriages per 1000 Males,51.3
31 years,2000,VSA49C02,Marriages per 1000 Females,43.9
31 years,2001,VSA49C01,Marriages per 1000 Males,53.1
31 years,2001,VSA49C02,Marriages per 1000 Females,41.5
31 years,2002,VSA49C01,Marriages per 1000 Males,54.4
31 years,2002,VSA49C02,Marriages per 1000 Females,45.2
31 years,2003,VSA49C01,Marriages per 1000 Males,55.3
31 years,2003,VSA49C02,Marriages per 1000 Females,46.1
31 years,2004,VSA49C01,Marriages per 1000 Males,55.9
31 years,2004,VSA49C02,Marriages per 1000 Females,46.5
31 years,2005,VSA49C01,Marriages per 1000 Males,53.7
31 years,2005,VSA49C02,Marriages per 1000 Females,48.6
31 years,2006,VSA49C01,Marriages per 1000 Males,50.7
31 years,2006,VSA49C02,Marriages per 1000 Females,49.6
31 years,2007,VSA49C01,Marriages per 1000 Males,52.8
31 years,2007,VSA49C02,Marriages per 1000 Females,50.6
31 years,2008,VSA49C01,Marriages per 1000 Males,51.4
31 years,2008,VSA49C02,Marriages per 1000 Females,49.1
31 years,2009,VSA49C01,Marriages per 1000 Males,49.6
31 years,2009,VSA49C02,Marriages per 1000 Females,47.4
31 years,2010,VSA49C01,Marriages per 1000 Males,47.8
31 years,2010,VSA49C02,Marriages per 1000 Females,46.8
31 years,2011,VSA49C01,Marriages per 1000 Males,46.5
31 years,2011,VSA49C02,Marriages per 1000 Females,45.5
31 years,2012,VSA49C01,Marriages per 1000 Males,47.7
31 years,2012,VSA49C02,Marriages per 1000 Females,46
31 years,2013,VSA49C01,Marriages per 1000 Males,49.9
31 years,2013,VSA49C02,Marriages per 1000 Females,50.5
31 years,2014,VSA49C01,Marriages per 1000 Males,56.5
31 years,2014,VSA49C02,Marriages per 1000 Females,54.7
31 years,2015,VSA49C01,Marriages per 1000 Males,55.9
31 years,2015,VSA49C02,Marriages per 1000 Females,55.3
31 years,2016,VSA49C01,Marriages per 1000 Males,60.1
31 years,2016,VSA49C02,Marriages per 1000 Females,59.8
31 years,2017,VSA49C01,Marriages per 1000 Males,54.3
31 years,2017,VSA49C02,Marriages per 1000 Females,58.4
31 years,2018,VSA49C01,Marriages per 1000 Males,56.2
31 years,2018,VSA49C02,Marriages per 1000 Females,61.4
31 years,2019,VSA49C01,Marriages per 1000 Males,53.9
31 years,2019,VSA49C02,Marriages per 1000 Females,59.3
32 years,1991,VSA49C01,Marriages per 1000 Males,25.5
32 years,1991,VSA49C02,Marriages per 1000 Females,15.8
32 years,1996,VSA49C01,Marriages per 1000 Males,34.9
32 years,1996,VSA49C02,Marriages per 1000 Females,22.2
32 years,2000,VSA49C01,Marriages per 1000 Males,45.7
32 years,2000,VSA49C02,Marriages per 1000 Females,32.7
32 years,2001,VSA49C01,Marriages per 1000 Males,43.2
32 years,2001,VSA49C02,Marriages per 1000 Females,32.9
32 years,2002,VSA49C01,Marriages per 1000 Males,46
32 years,2002,VSA49C02,Marriages per 1000 Females,38.2
32 years,2003,VSA49C01,Marriages per 1000 Males,46.3
32 years,2003,VSA49C02,Marriages per 1000 Females,39.3
32 years,2004,VSA49C01,Marriages per 1000 Males,47.7
32 years,2004,VSA49C02,Marriages per 1000 Females,38.8
32 years,2005,VSA49C01,Marriages per 1000 Males,50.1
32 years,2005,VSA49C02,Marriages per 1000 Females,40
32 years,2006,VSA49C01,Marriages per 1000 Males,47.7
32 years,2006,VSA49C02,Marriages per 1000 Females,40.7
32 years,2007,VSA49C01,Marriages per 1000 Males,48
32 years,2007,VSA49C02,Marriages per 1000 Females,41.4
32 years,2008,VSA49C01,Marriages per 1000 Males,44.4
32 years,2008,VSA49C02,Marriages per 1000 Females,40.8
32 years,2009,VSA49C01,Marriages per 1000 Males,45.3
32 years,2009,VSA49C02,Marriages per 1000 Females,37.5
32 years,2010,VSA49C01,Marriages per 1000 Males,42.5
32 years,2010,VSA49C02,Marriages per 1000 Females,38.9
32 years,2011,VSA49C01,Marriages per 1000 Males,42.9
32 years,2011,VSA49C02,Marriages per 1000 Females,36.9
32 years,2012,VSA49C01,Marriages per 1000 Males,45.3
32 years,2012,VSA49C02,Marriages per 1000 Females,39.9
32 years,2013,VSA49C01,Marriages per 1000 Males,46.6
32 years,2013,VSA49C02,Marriages per 1000 Females,39.5
32 years,2014,VSA49C01,Marriages per 1000 Males,52.9
32 years,2014,VSA49C02,Marriages per 1000 Females,45
32 years,2015,VSA49C01,Marriages per 1000 Males,53.6
32 years,2015,VSA49C02,Marriages per 1000 Females,47.9
32 years,2016,VSA49C01,Marriages per 1000 Males,56.8
32 years,2016,VSA49C02,Marriages per 1000 Females,51.9
32 years,2017,VSA49C01,Marriages per 1000 Males,55.1
32 years,2017,VSA49C02,Marriages per 1000 Females,48.8
32 years,2018,VSA49C01,Marriages per 1000 Males,50.3
32 years,2018,VSA49C02,Marriages per 1000 Females,52.4
32 years,2019,VSA49C01,Marriages per 1000 Males,50.7
32 years,2019,VSA49C02,Marriages per 1000 Females,47.8
33 years,1991,VSA49C01,Marriages per 1000 Males,20.9
33 years,1991,VSA49C02,Marriages per 1000 Females,12.1
33 years,1996,VSA49C01,Marriages per 1000 Males,27.9
33 years,1996,VSA49C02,Marriages per 1000 Females,17.9
33 years,2000,VSA49C01,Marriages per 1000 Males,35.8
33 years,2000,VSA49C02,Marriages per 1000 Females,26.6
33 years,2001,VSA49C01,Marriages per 1000 Males,38.2
33 years,2001,VSA49C02,Marriages per 1000 Females,26.3
33 years,2002,VSA49C01,Marriages per 1000 Males,41.1
33 years,2002,VSA49C02,Marriages per 1000 Females,29
33 years,2003,VSA49C01,Marriages per 1000 Males,38.9
33 years,2003,VSA49C02,Marriages per 1000 Females,29.7
33 years,2004,VSA49C01,Marriages per 1000 Males,39.5
33 years,2004,VSA49C02,Marriages per 1000 Females,32.5
33 years,2005,VSA49C01,Marriages per 1000 Males,43.8
33 years,2005,VSA49C02,Marriages per 1000 Females,33.9
33 years,2006,VSA49C01,Marriages per 1000 Males,42.2
33 years,2006,VSA49C02,Marriages per 1000 Females,33.6
33 years,2007,VSA49C01,Marriages per 1000 Males,40.8
33 years,2007,VSA49C02,Marriages per 1000 Females,34.2
33 years,2008,VSA49C01,Marriages per 1000 Males,41.8
33 years,2008,VSA49C02,Marriages per 1000 Females,32.6
33 years,2009,VSA49C01,Marriages per 1000 Males,39.4
33 years,2009,VSA49C02,Marriages per 1000 Females,32.2
33 years,2010,VSA49C01,Marriages per 1000 Males,38.7
33 years,2010,VSA49C02,Marriages per 1000 Females,31.5
33 years,2011,VSA49C01,Marriages per 1000 Males,38.5
33 years,2011,VSA49C02,Marriages per 1000 Females,32
33 years,2012,VSA49C01,Marriages per 1000 Males,39.9
33 years,2012,VSA49C02,Marriages per 1000 Females,34.1
33 years,2013,VSA49C01,Marriages per 1000 Males,42.1
33 years,2013,VSA49C02,Marriages per 1000 Females,34.9
33 years,2014,VSA49C01,Marriages per 1000 Males,45.5
33 years,2014,VSA49C02,Marriages per 1000 Females,37.4
33 years,2015,VSA49C01,Marriages per 1000 Males,48.8
33 years,2015,VSA49C02,Marriages per 1000 Females,40
33 years,2016,VSA49C01,Marriages per 1000 Males,48
33 years,2016,VSA49C02,Marriages per 1000 Females,40
33 years,2017,VSA49C01,Marriages per 1000 Males,47
33 years,2017,VSA49C02,Marriages per 1000 Females,42
33 years,2018,VSA49C01,Marriages per 1000 Males,46.4
33 years,2018,VSA49C02,Marriages per 1000 Females,42.6
33 years,2019,VSA49C01,Marriages per 1000 Males,45.3
33 years,2019,VSA49C02,Marriages per 1000 Females,38.8
34 years,1991,VSA49C01,Marriages per 1000 Males,16
34 years,1991,VSA49C02,Marriages per 1000 Females,9.3
34 years,1996,VSA49C01,Marriages per 1000 Males,23
34 years,1996,VSA49C02,Marriages per 1000 Females,13.1
34 years,2000,VSA49C01,Marriages per 1000 Males,29.8
34 years,2000,VSA49C02,Marriages per 1000 Females,21.8
34 years,2001,VSA49C01,Marriages per 1000 Males,30.4
34 years,2001,VSA49C02,Marriages per 1000 Females,20.4
34 years,2002,VSA49C01,Marriages per 1000 Males,33.3
34 years,2002,VSA49C02,Marriages per 1000 Females,23.9
34 years,2003,VSA49C01,Marriages per 1000 Males,32.9
34 years,2003,VSA49C02,Marriages per 1000 Females,24
34 years,2004,VSA49C01,Marriages per 1000 Males,34.4
34 years,2004,VSA49C02,Marriages per 1000 Females,26.7
34 years,2005,VSA49C01,Marriages per 1000 Males,35.1
34 years,2005,VSA49C02,Marriages per 1000 Females,25.3
34 years,2006,VSA49C01,Marriages per 1000 Males,35.6
34 years,2006,VSA49C02,Marriages per 1000 Females,27.1
34 years,2007,VSA49C01,Marriages per 1000 Males,36.2
34 years,2007,VSA49C02,Marriages per 1000 Females,28.1
34 years,2008,VSA49C01,Marriages per 1000 Males,35.2
34 years,2008,VSA49C02,Marriages per 1000 Females,30
34 years,2009,VSA49C01,Marriages per 1000 Males,33.4
34 years,2009,VSA49C02,Marriages per 1000 Females,26.9
34 years,2010,VSA49C01,Marriages per 1000 Males,32.3
34 years,2010,VSA49C02,Marriages per 1000 Females,26.6
34 years,2011,VSA49C01,Marriages per 1000 Males,30.8
34 years,2011,VSA49C02,Marriages per 1000 Females,25.7
34 years,2012,VSA49C01,Marriages per 1000 Males,33.8
34 years,2012,VSA49C02,Marriages per 1000 Females,26.6
34 years,2013,VSA49C01,Marriages per 1000 Males,37.4
34 years,2013,VSA49C02,Marriages per 1000 Females,28.6
34 years,2014,VSA49C01,Marriages per 1000 Males,37.4
34 years,2014,VSA49C02,Marriages per 1000 Females,30.3
34 years,2015,VSA49C01,Marriages per 1000 Males,40.5
34 years,2015,VSA49C02,Marriages per 1000 Females,30.7
34 years,2016,VSA49C01,Marriages per 1000 Males,43.9
34 years,2016,VSA49C02,Marriages per 1000 Females,33.3
34 years,2017,VSA49C01,Marriages per 1000 Males,40.3
34 years,2017,VSA49C02,Marriages per 1000 Females,32.3
34 years,2018,VSA49C01,Marriages per 1000 Males,41.7
34 years,2018,VSA49C02,Marriages per 1000 Females,33.9
34 years,2019,VSA49C01,Marriages per 1000 Males,40.4
34 years,2019,VSA49C02,Marriages per 1000 Females,32.4
35 years,1991,VSA49C01,Marriages per 1000 Males,13
35 years,1991,VSA49C02,Marriages per 1000 Females,7.7
35 years,1996,VSA49C01,Marriages per 1000 Males,16.1
35 years,1996,VSA49C02,Marriages per 1000 Females,10.5
35 years,2000,VSA49C01,Marriages per 1000 Males,23.2
35 years,2000,VSA49C02,Marriages per 1000 Females,15.1
35 years,2001,VSA49C01,Marriages per 1000 Males,24.9
35 years,2001,VSA49C02,Marriages per 1000 Females,17.4
35 years,2002,VSA49C01,Marriages per 1000 Males,28.4
35 years,2002,VSA49C02,Marriages per 1000 Females,18.3
35 years,2003,VSA49C01,Marriages per 1000 Males,28.3
35 years,2003,VSA49C02,Marriages per 1000 Females,18.7
35 years,2004,VSA49C01,Marriages per 1000 Males,28.5
35 years,2004,VSA49C02,Marriages per 1000 Females,21.1
35 years,2005,VSA49C01,Marriages per 1000 Males,28.2
35 years,2005,VSA49C02,Marriages per 1000 Females,21.4
35 years,2006,VSA49C01,Marriages per 1000 Males,30.6
35 years,2006,VSA49C02,Marriages per 1000 Females,23
35 years,2007,VSA49C01,Marriages per 1000 Males,30
35 years,2007,VSA49C02,Marriages per 1000 Females,22.2
35 years,2008,VSA49C01,Marriages per 1000 Males,28.5
35 years,2008,VSA49C02,Marriages per 1000 Females,22.3
35 years,2009,VSA49C01,Marriages per 1000 Males,27.8
35 years,2009,VSA49C02,Marriages per 1000 Females,21.1
35 years,2010,VSA49C01,Marriages per 1000 Males,26.9
35 years,2010,VSA49C02,Marriages per 1000 Females,20.8
35 years,2011,VSA49C01,Marriages per 1000 Males,27.8
35 years,2011,VSA49C02,Marriages per 1000 Females,21.3
35 years,2012,VSA49C01,Marriages per 1000 Males,31.5
35 years,2012,VSA49C02,Marriages per 1000 Females,21.9
35 years,2013,VSA49C01,Marriages per 1000 Males,29.7
35 years,2013,VSA49C02,Marriages per 1000 Females,24.3
35 years,2014,VSA49C01,Marriages per 1000 Males,34.5
35 years,2014,VSA49C02,Marriages per 1000 Females,26.7
35 years,2015,VSA49C01,Marriages per 1000 Males,33.7
35 years,2015,VSA49C02,Marriages per 1000 Females,25
35 years,2016,VSA49C01,Marriages per 1000 Males,36.5
35 years,2016,VSA49C02,Marriages per 1000 Females,28.2
35 years,2017,VSA49C01,Marriages per 1000 Males,34.6
35 years,2017,VSA49C02,Marriages per 1000 Females,25.2
35 years,2018,VSA49C01,Marriages per 1000 Males,33.4
35 years,2018,VSA49C02,Marriages per 1000 Females,29.9
35 years,2019,VSA49C01,Marriages per 1000 Males,33.1
35 years,2019,VSA49C02,Marriages per 1000 Females,26.6
36 years,1991,VSA49C01,Marriages per 1000 Males,10.6
36 years,1991,VSA49C02,Marriages per 1000 Females,6.3
36 years,1996,VSA49C01,Marriages per 1000 Males,12.3
36 years,1996,VSA49C02,Marriages per 1000 Females,7.9
36 years,2000,VSA49C01,Marriages per 1000 Males,19.9
36 years,2000,VSA49C02,Marriages per 1000 Females,14.5
36 years,2001,VSA49C01,Marriages per 1000 Males,20.3
36 years,2001,VSA49C02,Marriages per 1000 Females,13.7
36 years,2002,VSA49C01,Marriages per 1000 Males,23.1
36 years,2002,VSA49C02,Marriages per 1000 Females,16
36 years,2003,VSA49C01,Marriages per 1000 Males,22.1
36 years,2003,VSA49C02,Marriages per 1000 Females,15.3
36 years,2004,VSA49C01,Marriages per 1000 Males,24.6
36 years,2004,VSA49C02,Marriages per 1000 Females,15.4
36 years,2005,VSA49C01,Marriages per 1000 Males,24
36 years,2005,VSA49C02,Marriages per 1000 Females,17
36 years,2006,VSA49C01,Marriages per 1000 Males,23.4
36 years,2006,VSA49C02,Marriages per 1000 Females,17.5
36 years,2007,VSA49C01,Marriages per 1000 Males,25.6
36 years,2007,VSA49C02,Marriages per 1000 Females,18.9
36 years,2008,VSA49C01,Marriages per 1000 Males,25.3
36 years,2008,VSA49C02,Marriages per 1000 Females,17.6
36 years,2009,VSA49C01,Marriages per 1000 Males,23.4
36 years,2009,VSA49C02,Marriages per 1000 Females,17
36 years,2010,VSA49C01,Marriages per 1000 Males,23.4
36 years,2010,VSA49C02,Marriages per 1000 Females,17.2
36 years,2011,VSA49C01,Marriages per 1000 Males,22.3
36 years,2011,VSA49C02,Marriages per 1000 Females,17.4
36 years,2012,VSA49C01,Marriages per 1000 Males,22.7
36 years,2012,VSA49C02,Marriages per 1000 Females,17.4
36 years,2013,VSA49C01,Marriages per 1000 Males,24.1
36 years,2013,VSA49C02,Marriages per 1000 Females,19.1
36 years,2014,VSA49C01,Marriages per 1000 Males,28.4
36 years,2014,VSA49C02,Marriages per 1000 Females,20.8
36 years,2015,VSA49C01,Marriages per 1000 Males,29.8
36 years,2015,VSA49C02,Marriages per 1000 Females,20.3
36 years,2016,VSA49C01,Marriages per 1000 Males,31.5
36 years,2016,VSA49C02,Marriages per 1000 Females,22.6
36 years,2017,VSA49C01,Marriages per 1000 Males,27.3
36 years,2017,VSA49C02,Marriages per 1000 Females,21.6
36 years,2018,VSA49C01,Marriages per 1000 Males,27.8
36 years,2018,VSA49C02,Marriages per 1000 Females,23.8
36 years,2019,VSA49C01,Marriages per 1000 Males,29.3
36 years,2019,VSA49C02,Marriages per 1000 Females,21.2
37 years,1991,VSA49C01,Marriages per 1000 Males,6.9
37 years,1991,VSA49C02,Marriages per 1000 Females,5.5
37 years,1996,VSA49C01,Marriages per 1000 Males,10.3
37 years,1996,VSA49C02,Marriages per 1000 Females,5.8
37 years,2000,VSA49C01,Marriages per 1000 Males,17.2
37 years,2000,VSA49C02,Marriages per 1000 Females,9.8
37 years,2001,VSA49C01,Marriages per 1000 Males,16.8
37 years,2001,VSA49C02,Marriages per 1000 Females,11.6
37 years,2002,VSA49C01,Marriages per 1000 Males,17.9
37 years,2002,VSA49C02,Marriages per 1000 Females,12.8
37 years,2003,VSA49C01,Marriages per 1000 Males,20.1
37 years,2003,VSA49C02,Marriages per 1000 Females,12
37 years,2004,VSA49C01,Marriages per 1000 Males,19.7
37 years,2004,VSA49C02,Marriages per 1000 Females,12.6
37 years,2005,VSA49C01,Marriages per 1000 Males,19.4
37 years,2005,VSA49C02,Marriages per 1000 Females,13.5
37 years,2006,VSA49C01,Marriages per 1000 Males,19
37 years,2006,VSA49C02,Marriages per 1000 Females,15
37 years,2007,VSA49C01,Marriages per 1000 Males,19.6
37 years,2007,VSA49C02,Marriages per 1000 Females,14.7
37 years,2008,VSA49C01,Marriages per 1000 Males,20.8
37 years,2008,VSA49C02,Marriages per 1000 Females,14.2
37 years,2009,VSA49C01,Marriages per 1000 Males,22.1
37 years,2009,VSA49C02,Marriages per 1000 Females,14.4
37 years,2010,VSA49C01,Marriages per 1000 Males,19.5
37 years,2010,VSA49C02,Marriages per 1000 Females,13.7
37 years,2011,VSA49C01,Marriages per 1000 Males,20.7
37 years,2011,VSA49C02,Marriages per 1000 Females,13.2
37 years,2012,VSA49C01,Marriages per 1000 Males,20.3
37 years,2012,VSA49C02,Marriages per 1000 Females,15.2
37 years,2013,VSA49C01,Marriages per 1000 Males,19.9
37 years,2013,VSA49C02,Marriages per 1000 Females,14.6
37 years,2014,VSA49C01,Marriages per 1000 Males,21
37 years,2014,VSA49C02,Marriages per 1000 Females,15.6
37 years,2015,VSA49C01,Marriages per 1000 Males,25.2
37 years,2015,VSA49C02,Marriages per 1000 Females,16.6
37 years,2016,VSA49C01,Marriages per 1000 Males,25.6
37 years,2016,VSA49C02,Marriages per 1000 Females,18
37 years,2017,VSA49C01,Marriages per 1000 Males,22.7
37 years,2017,VSA49C02,Marriages per 1000 Females,17.2
37 years,2018,VSA49C01,Marriages per 1000 Males,22
37 years,2018,VSA49C02,Marriages per 1000 Females,18.6
37 years,2019,VSA49C01,Marriages per 1000 Males,23.4
37 years,2019,VSA49C02,Marriages per 1000 Females,17.9
38 years,1991,VSA49C01,Marriages per 1000 Males,6
38 years,1991,VSA49C02,Marriages per 1000 Females,3.5
38 years,1996,VSA49C01,Marriages per 1000 Males,7.6
38 years,1996,VSA49C02,Marriages per 1000 Females,3.8
38 years,2000,VSA49C01,Marriages per 1000 Males,14.2
38 years,2000,VSA49C02,Marriages per 1000 Females,9
38 years,2001,VSA49C01,Marriages per 1000 Males,13.2
38 years,2001,VSA49C02,Marriages per 1000 Females,8.4
38 years,2002,VSA49C01,Marriages per 1000 Males,14.6
38 years,2002,VSA49C02,Marriages per 1000 Females,10.6
38 years,2003,VSA49C01,Marriages per 1000 Males,14.7
38 years,2003,VSA49C02,Marriages per 1000 Females,9.6
38 years,2004,VSA49C01,Marriages per 1000 Males,17.1
38 years,2004,VSA49C02,Marriages per 1000 Females,9.5
38 years,2005,VSA49C01,Marriages per 1000 Males,15.3
38 years,2005,VSA49C02,Marriages per 1000 Females,11.2
38 years,2006,VSA49C01,Marriages per 1000 Males,16.7
38 years,2006,VSA49C02,Marriages per 1000 Females,11.4
38 years,2007,VSA49C01,Marriages per 1000 Males,18.1
38 years,2007,VSA49C02,Marriages per 1000 Females,11.8
38 years,2008,VSA49C01,Marriages per 1000 Males,17.8
38 years,2008,VSA49C02,Marriages per 1000 Females,13
38 years,2009,VSA49C01,Marriages per 1000 Males,18.2
38 years,2009,VSA49C02,Marriages per 1000 Females,12.1
38 years,2010,VSA49C01,Marriages per 1000 Males,17.7
38 years,2010,VSA49C02,Marriages per 1000 Females,10.4
38 years,2011,VSA49C01,Marriages per 1000 Males,16.9
38 years,2011,VSA49C02,Marriages per 1000 Females,11.4
38 years,2012,VSA49C01,Marriages per 1000 Males,17.6
38 years,2012,VSA49C02,Marriages per 1000 Females,12
38 years,2013,VSA49C01,Marriages per 1000 Males,19.2
38 years,2013,VSA49C02,Marriages per 1000 Females,12.3
38 years,2014,VSA49C01,Marriages per 1000 Males,19.3
38 years,2014,VSA49C02,Marriages per 1000 Females,12.3
38 years,2015,VSA49C01,Marriages per 1000 Males,18.7
38 years,2015,VSA49C02,Marriages per 1000 Females,13.1
38 years,2016,VSA49C01,Marriages per 1000 Males,22.5
38 years,2016,VSA49C02,Marriages per 1000 Females,16
38 years,2017,VSA49C01,Marriages per 1000 Males,19.8
38 years,2017,VSA49C02,Marriages per 1000 Females,14.4
38 years,2018,VSA49C01,Marriages per 1000 Males,19.5
38 years,2018,VSA49C02,Marriages per 1000 Females,14.7
38 years,2019,VSA49C01,Marriages per 1000 Males,19
38 years,2019,VSA49C02,Marriages per 1000 Females,13.6
39 years,1991,VSA49C01,Marriages per 1000 Males,5.1
39 years,1991,VSA49C02,Marriages per 1000 Females,3
39 years,1996,VSA49C01,Marriages per 1000 Males,6.1
39 years,1996,VSA49C02,Marriages per 1000 Females,3.2
39 years,2000,VSA49C01,Marriages per 1000 Males,11.8
39 years,2000,VSA49C02,Marriages per 1000 Females,6.8
39 years,2001,VSA49C01,Marriages per 1000 Males,11.7
39 years,2001,VSA49C02,Marriages per 1000 Females,8.6
39 years,2002,VSA49C01,Marriages per 1000 Males,12.5
39 years,2002,VSA49C02,Marriages per 1000 Females,8
39 years,2003,VSA49C01,Marriages per 1000 Males,13.9
39 years,2003,VSA49C02,Marriages per 1000 Females,8.4
39 years,2004,VSA49C01,Marriages per 1000 Males,11.9
39 years,2004,VSA49C02,Marriages per 1000 Females,8.9
39 years,2005,VSA49C01,Marriages per 1000 Males,14
39 years,2005,VSA49C02,Marriages per 1000 Females,9.3
39 years,2006,VSA49C01,Marriages per 1000 Males,14.7
39 years,2006,VSA49C02,Marriages per 1000 Females,9.5
39 years,2007,VSA49C01,Marriages per 1000 Males,15.4
39 years,2007,VSA49C02,Marriages per 1000 Females,10.7
39 years,2008,VSA49C01,Marriages per 1000 Males,15.6
39 years,2008,VSA49C02,Marriages per 1000 Females,10.7
39 years,2009,VSA49C01,Marriages per 1000 Males,15
39 years,2009,VSA49C02,Marriages per 1000 Females,10.7
39 years,2010,VSA49C01,Marriages per 1000 Males,13.5
39 years,2010,VSA49C02,Marriages per 1000 Females,10
39 years,2011,VSA49C01,Marriages per 1000 Males,13.2
39 years,2011,VSA49C02,Marriages per 1000 Females,10.6
39 years,2012,VSA49C01,Marriages per 1000 Males,15
39 years,2012,VSA49C02,Marriages per 1000 Females,10.6
39 years,2013,VSA49C01,Marriages per 1000 Males,15.7
39 years,2013,VSA49C02,Marriages per 1000 Females,11.9
39 years,2014,VSA49C01,Marriages per 1000 Males,16.9
39 years,2014,VSA49C02,Marriages per 1000 Females,11.4
39 years,2015,VSA49C01,Marriages per 1000 Males,16.9
39 years,2015,VSA49C02,Marriages per 1000 Females,11.3
39 years,2016,VSA49C01,Marriages per 1000 Males,18.5
39 years,2016,VSA49C02,Marriages per 1000 Females,12.9
39 years,2017,VSA49C01,Marriages per 1000 Males,18.6
39 years,2017,VSA49C02,Marriages per 1000 Females,13.6
39 years,2018,VSA49C01,Marriages per 1000 Males,18.7
39 years,2018,VSA49C02,Marriages per 1000 Females,14
39 years,2019,VSA49C01,Marriages per 1000 Males,15.8
39 years,2019,VSA49C02,Marriages per 1000 Females,12.6
40 years,1991,VSA49C01,Marriages per 1000 Males,3.9
40 years,1991,VSA49C02,Marriages per 1000 Females,2.3
40 years,1996,VSA49C01,Marriages per 1000 Males,4.9
40 years,1996,VSA49C02,Marriages per 1000 Females,2.7
40 years,2000,VSA49C01,Marriages per 1000 Males,9.4
40 years,2000,VSA49C02,Marriages per 1000 Females,5.4
40 years,2001,VSA49C01,Marriages per 1000 Males,8.8
40 years,2001,VSA49C02,Marriages per 1000 Females,5.9
40 years,2002,VSA49C01,Marriages per 1000 Males,10.6
40 years,2002,VSA49C02,Marriages per 1000 Females,6.9
40 years,2003,VSA49C01,Marriages per 1000 Males,10.6
40 years,2003,VSA49C02,Marriages per 1000 Females,6.4
40 years,2004,VSA49C01,Marriages per 1000 Males,11.7
40 years,2004,VSA49C02,Marriages per 1000 Females,7.2
40 years,2005,VSA49C01,Marriages per 1000 Males,11.5
40 years,2005,VSA49C02,Marriages per 1000 Females,7.1
40 years,2006,VSA49C01,Marriages per 1000 Males,12
40 years,2006,VSA49C02,Marriages per 1000 Females,7.8
40 years,2007,VSA49C01,Marriages per 1000 Males,13.3
40 years,2007,VSA49C02,Marriages per 1000 Females,7.8
40 years,2008,VSA49C01,Marriages per 1000 Males,13.1
40 years,2008,VSA49C02,Marriages per 1000 Females,9.2
40 years,2009,VSA49C01,Marriages per 1000 Males,12.6
40 years,2009,VSA49C02,Marriages per 1000 Females,9.2
40 years,2010,VSA49C01,Marriages per 1000 Males,13.1
40 years,2010,VSA49C02,Marriages per 1000 Females,8.5
40 years,2011,VSA49C01,Marriages per 1000 Males,11.9
40 years,2011,VSA49C02,Marriages per 1000 Females,8
40 years,2012,VSA49C01,Marriages per 1000 Males,11.8
40 years,2012,VSA49C02,Marriages per 1000 Females,8.5
40 years,2013,VSA49C01,Marriages per 1000 Males,13.4
40 years,2013,VSA49C02,Marriages per 1000 Females,9.1
40 years,2014,VSA49C01,Marriages per 1000 Males,14.6
40 years,2014,VSA49C02,Marriages per 1000 Females,9.2
40 years,2015,VSA49C01,Marriages per 1000 Males,12.8
40 years,2015,VSA49C02,Marriages per 1000 Females,8.6
40 years,2016,VSA49C01,Marriages per 1000 Males,15.1
40 years,2016,VSA49C02,Marriages per 1000 Females,10.7
40 years,2017,VSA49C01,Marriages per 1000 Males,14.7
40 years,2017,VSA49C02,Marriages per 1000 Females,10.7
40 years,2018,VSA49C01,Marriages per 1000 Males,14.9
40 years,2018,VSA49C02,Marriages per 1000 Females,11.1
40 years,2019,VSA49C01,Marriages per 1000 Males,14.1
40 years,2019,VSA49C02,Marriages per 1000 Females,11.8
41 years,1991,VSA49C01,Marriages per 1000 Males,3.4
41 years,1991,VSA49C02,Marriages per 1000 Females,1.6
41 years,1996,VSA49C01,Marriages per 1000 Males,4.2
41 years,1996,VSA49C02,Marriages per 1000 Females,2.4
41 years,2000,VSA49C01,Marriages per 1000 Males,7.9
41 years,2000,VSA49C02,Marriages per 1000 Females,5.5
41 years,2001,VSA49C01,Marriages per 1000 Males,7.4
41 years,2001,VSA49C02,Marriages per 1000 Females,4.4
41 years,2002,VSA49C01,Marriages per 1000 Males,8.1
41 years,2002,VSA49C02,Marriages per 1000 Females,6.2
41 years,2003,VSA49C01,Marriages per 1000 Males,9.5
41 years,2003,VSA49C02,Marriages per 1000 Females,5.4
41 years,2004,VSA49C01,Marriages per 1000 Males,9.3
41 years,2004,VSA49C02,Marriages per 1000 Females,6.1
41 years,2005,VSA49C01,Marriages per 1000 Males,10.3
41 years,2005,VSA49C02,Marriages per 1000 Females,6.1
41 years,2006,VSA49C01,Marriages per 1000 Males,10.3
41 years,2006,VSA49C02,Marriages per 1000 Females,6.9
41 years,2007,VSA49C01,Marriages per 1000 Males,9.7
41 years,2007,VSA49C02,Marriages per 1000 Females,6.2
41 years,2008,VSA49C01,Marriages per 1000 Males,10.9
41 years,2008,VSA49C02,Marriages per 1000 Females,7.7
41 years,2009,VSA49C01,Marriages per 1000 Males,10.8
41 years,2009,VSA49C02,Marriages per 1000 Females,7.3
41 years,2010,VSA49C01,Marriages per 1000 Males,10.8
41 years,2010,VSA49C02,Marriages per 1000 Females,5.7
41 years,2011,VSA49C01,Marriages per 1000 Males,10.5
41 years,2011,VSA49C02,Marriages per 1000 Females,6.4
41 years,2012,VSA49C01,Marriages per 1000 Males,9.9
41 years,2012,VSA49C02,Marriages per 1000 Females,6.7
41 years,2013,VSA49C01,Marriages per 1000 Males,12
41 years,2013,VSA49C02,Marriages per 1000 Females,5.8
41 years,2014,VSA49C01,Marriages per 1000 Males,11
41 years,2014,VSA49C02,Marriages per 1000 Females,7.4
41 years,2015,VSA49C01,Marriages per 1000 Males,13.1
41 years,2015,VSA49C02,Marriages per 1000 Females,8
41 years,2016,VSA49C01,Marriages per 1000 Males,13.2
41 years,2016,VSA49C02,Marriages per 1000 Females,9.6
41 years,2017,VSA49C01,Marriages per 1000 Males,13.8
41 years,2017,VSA49C02,Marriages per 1000 Females,8.7
41 years,2018,VSA49C01,Marriages per 1000 Males,12.5
41 years,2018,VSA49C02,Marriages per 1000 Females,9.9
41 years,2019,VSA49C01,Marriages per 1000 Males,13.8
41 years,2019,VSA49C02,Marriages per 1000 Females,9.3
42 years,1991,VSA49C01,Marriages per 1000 Males,3.1
42 years,1991,VSA49C02,Marriages per 1000 Females,1.1
42 years,1996,VSA49C01,Marriages per 1000 Males,3.4
42 years,1996,VSA49C02,Marriages per 1000 Females,1.4
42 years,2000,VSA49C01,Marriages per 1000 Males,7.3
42 years,2000,VSA49C02,Marriages per 1000 Females,4
42 years,2001,VSA49C01,Marriages per 1000 Males,7.4
42 years,2001,VSA49C02,Marriages per 1000 Females,4.4
42 years,2002,VSA49C01,Marriages per 1000 Males,6.7
42 years,2002,VSA49C02,Marriages per 1000 Females,4.4
42 years,2003,VSA49C01,Marriages per 1000 Males,7
42 years,2003,VSA49C02,Marriages per 1000 Females,4.6
42 years,2004,VSA49C01,Marriages per 1000 Males,7.6
42 years,2004,VSA49C02,Marriages per 1000 Females,4.9
42 years,2005,VSA49C01,Marriages per 1000 Males,8.7
42 years,2005,VSA49C02,Marriages per 1000 Females,4.8
42 years,2006,VSA49C01,Marriages per 1000 Males,9.2
42 years,2006,VSA49C02,Marriages per 1000 Females,4.8
42 years,2007,VSA49C01,Marriages per 1000 Males,9
42 years,2007,VSA49C02,Marriages per 1000 Females,5.5
42 years,2008,VSA49C01,Marriages per 1000 Males,9.2
42 years,2008,VSA49C02,Marriages per 1000 Females,5.2
42 years,2009,VSA49C01,Marriages per 1000 Males,9.2
42 years,2009,VSA49C02,Marriages per 1000 Females,6.7
42 years,2010,VSA49C01,Marriages per 1000 Males,9.2
42 years,2010,VSA49C02,Marriages per 1000 Females,6
42 years,2011,VSA49C01,Marriages per 1000 Males,8.6
42 years,2011,VSA49C02,Marriages per 1000 Females,6
42 years,2012,VSA49C01,Marriages per 1000 Males,9.1
42 years,2012,VSA49C02,Marriages per 1000 Females,5.6
42 years,2013,VSA49C01,Marriages per 1000 Males,8.9
42 years,2013,VSA49C02,Marriages per 1000 Females,6.6
42 years,2014,VSA49C01,Marriages per 1000 Males,9.7
42 years,2014,VSA49C02,Marriages per 1000 Females,6.7
42 years,2015,VSA49C01,Marriages per 1000 Males,11.5
42 years,2015,VSA49C02,Marriages per 1000 Females,6.7
42 years,2016,VSA49C01,Marriages per 1000 Males,11.2
42 years,2016,VSA49C02,Marriages per 1000 Females,7.4
42 years,2017,VSA49C01,Marriages per 1000 Males,12
42 years,2017,VSA49C02,Marriages per 1000 Females,7.1
42 years,2018,VSA49C01,Marriages per 1000 Males,11.4
42 years,2018,VSA49C02,Marriages per 1000 Females,7.4
42 years,2019,VSA49C01,Marriages per 1000 Males,10.6
42 years,2019,VSA49C02,Marriages per 1000 Females,7.8
43 years,1991,VSA49C01,Marriages per 1000 Males,3.3
43 years,1991,VSA49C02,Marriages per 1000 Females,1.2
43 years,1996,VSA49C01,Marriages per 1000 Males,2.7
43 years,1996,VSA49C02,Marriages per 1000 Females,0.9
43 years,2000,VSA49C01,Marriages per 1000 Males,6.2
43 years,2000,VSA49C02,Marriages per 1000 Females,3.7
43 years,2001,VSA49C01,Marriages per 1000 Males,6.4
43 years,2001,VSA49C02,Marriages per 1000 Females,3.3
43 years,2002,VSA49C01,Marriages per 1000 Males,6.3
43 years,2002,VSA49C02,Marriages per 1000 Females,3.7
43 years,2003,VSA49C01,Marriages per 1000 Males,6.6
43 years,2003,VSA49C02,Marriages per 1000 Females,4.2
43 years,2004,VSA49C01,Marriages per 1000 Males,6
43 years,2004,VSA49C02,Marriages per 1000 Females,4.1
43 years,2005,VSA49C01,Marriages per 1000 Males,7.6
43 years,2005,VSA49C02,Marriages per 1000 Females,4.7
43 years,2006,VSA49C01,Marriages per 1000 Males,7.7
43 years,2006,VSA49C02,Marriages per 1000 Females,4.6
43 years,2007,VSA49C01,Marriages per 1000 Males,7.7
43 years,2007,VSA49C02,Marriages per 1000 Females,4.3
43 years,2008,VSA49C01,Marriages per 1000 Males,7.9
43 years,2008,VSA49C02,Marriages per 1000 Females,4
43 years,2009,VSA49C01,Marriages per 1000 Males,7.3
43 years,2009,VSA49C02,Marriages per 1000 Females,5.1
43 years,2010,VSA49C01,Marriages per 1000 Males,7.6
43 years,2010,VSA49C02,Marriages per 1000 Females,4.5
43 years,2011,VSA49C01,Marriages per 1000 Males,7
43 years,2011,VSA49C02,Marriages per 1000 Females,5
43 years,2012,VSA49C01,Marriages per 1000 Males,9
43 years,2012,VSA49C02,Marriages per 1000 Females,4.7
43 years,2013,VSA49C01,Marriages per 1000 Males,7.8
43 years,2013,VSA49C02,Marriages per 1000 Females,4.5
43 years,2014,VSA49C01,Marriages per 1000 Males,8.5
43 years,2014,VSA49C02,Marriages per 1000 Females,5.8
43 years,2015,VSA49C01,Marriages per 1000 Males,8.6
43 years,2015,VSA49C02,Marriages per 1000 Females,6.7
43 years,2016,VSA49C01,Marriages per 1000 Males,9.6
43 years,2016,VSA49C02,Marriages per 1000 Females,6.7
43 years,2017,VSA49C01,Marriages per 1000 Males,9.5
43 years,2017,VSA49C02,Marriages per 1000 Females,6.5
43 years,2018,VSA49C01,Marriages per 1000 Males,10.2
43 years,2018,VSA49C02,Marriages per 1000 Females,6.8
43 years,2019,VSA49C01,Marriages per 1000 Males,9.6
43 years,2019,VSA49C02,Marriages per 1000 Females,6.1
44 years,1991,VSA49C01,Marriages per 1000 Males,1.6
44 years,1991,VSA49C02,Marriages per 1000 Females,0.7
44 years,1996,VSA49C01,Marriages per 1000 Males,2.8
44 years,1996,VSA49C02,Marriages per 1000 Females,1.4
44 years,2000,VSA49C01,Marriages per 1000 Males,5
44 years,2000,VSA49C02,Marriages per 1000 Females,3
44 years,2001,VSA49C01,Marriages per 1000 Males,6.2
44 years,2001,VSA49C02,Marriages per 1000 Females,3.6
44 years,2002,VSA49C01,Marriages per 1000 Males,5.6
44 years,2002,VSA49C02,Marriages per 1000 Females,3.1
44 years,2003,VSA49C01,Marriages per 1000 Males,6.1
44 years,2003,VSA49C02,Marriages per 1000 Females,4.5
44 years,2004,VSA49C01,Marriages per 1000 Males,6.9
44 years,2004,VSA49C02,Marriages per 1000 Females,4.2
44 years,2005,VSA49C01,Marriages per 1000 Males,6.3
44 years,2005,VSA49C02,Marriages per 1000 Females,3.9
44 years,2006,VSA49C01,Marriages per 1000 Males,6.4
44 years,2006,VSA49C02,Marriages per 1000 Females,4.1
44 years,2007,VSA49C01,Marriages per 1000 Males,6.6
44 years,2007,VSA49C02,Marriages per 1000 Females,4.5
44 years,2008,VSA49C01,Marriages per 1000 Males,7
44 years,2008,VSA49C02,Marriages per 1000 Females,4.1
44 years,2009,VSA49C01,Marriages per 1000 Males,7.2
44 years,2009,VSA49C02,Marriages per 1000 Females,4.4
44 years,2010,VSA49C01,Marriages per 1000 Males,6.4
44 years,2010,VSA49C02,Marriages per 1000 Females,4.8
44 years,2011,VSA49C01,Marriages per 1000 Males,6.2
44 years,2011,VSA49C02,Marriages per 1000 Females,4.9
44 years,2012,VSA49C01,Marriages per 1000 Males,7
44 years,2012,VSA49C02,Marriages per 1000 Females,4
44 years,2013,VSA49C01,Marriages per 1000 Males,6.7
44 years,2013,VSA49C02,Marriages per 1000 Females,4.5
44 years,2014,VSA49C01,Marriages per 1000 Males,7.8
44 years,2014,VSA49C02,Marriages per 1000 Females,4.8
44 years,2015,VSA49C01,Marriages per 1000 Males,7.4
44 years,2015,VSA49C02,Marriages per 1000 Females,6
44 years,2016,VSA49C01,Marriages per 1000 Males,9.6
44 years,2016,VSA49C02,Marriages per 1000 Females,6.7
44 years,2017,VSA49C01,Marriages per 1000 Males,8.9
44 years,2017,VSA49C02,Marriages per 1000 Females,6.1
44 years,2018,VSA49C01,Marriages per 1000 Males,8.1
44 years,2018,VSA49C02,Marriages per 1000 Females,5.2
44 years,2019,VSA49C01,Marriages per 1000 Males,8.2
44 years,2019,VSA49C02,Marriages per 1000 Females,6.5
45 years,1991,VSA49C01,Marriages per 1000 Males,1.9
45 years,1991,VSA49C02,Marriages per 1000 Females,1.1
45 years,1996,VSA49C01,Marriages per 1000 Males,2.1
45 years,1996,VSA49C02,Marriages per 1000 Females,1.2
45 years,2000,VSA49C01,Marriages per 1000 Males,5.6
45 years,2000,VSA49C02,Marriages per 1000 Females,3.1
45 years,2001,VSA49C01,Marriages per 1000 Males,4.5
45 years,2001,VSA49C02,Marriages per 1000 Females,2.9
45 years,2002,VSA49C01,Marriages per 1000 Males,4.9
45 years,2002,VSA49C02,Marriages per 1000 Females,2.7
45 years,2003,VSA49C01,Marriages per 1000 Males,4.7
45 years,2003,VSA49C02,Marriages per 1000 Females,3.5
45 years,2004,VSA49C01,Marriages per 1000 Males,4.9
45 years,2004,VSA49C02,Marriages per 1000 Females,4.1
45 years,2005,VSA49C01,Marriages per 1000 Males,5.7
45 years,2005,VSA49C02,Marriages per 1000 Females,3.5
45 years,2006,VSA49C01,Marriages per 1000 Males,5.3
45 years,2006,VSA49C02,Marriages per 1000 Females,3.5
45 years,2007,VSA49C01,Marriages per 1000 Males,5.3
45 years,2007,VSA49C02,Marriages per 1000 Females,3.6
45 years,2008,VSA49C01,Marriages per 1000 Males,6.5
45 years,2008,VSA49C02,Marriages per 1000 Females,4
45 years,2009,VSA49C01,Marriages per 1000 Males,6.1
45 years,2009,VSA49C02,Marriages per 1000 Females,4.2
45 years,2010,VSA49C01,Marriages per 1000 Males,5.2
45 years,2010,VSA49C02,Marriages per 1000 Females,3.6
45 years,2011,VSA49C01,Marriages per 1000 Males,6.4
45 years,2011,VSA49C02,Marriages per 1000 Females,4.3
45 years,2012,VSA49C01,Marriages per 1000 Males,6.4
45 years,2012,VSA49C02,Marriages per 1000 Females,4
45 years,2013,VSA49C01,Marriages per 1000 Males,5.6
45 years,2013,VSA49C02,Marriages per 1000 Females,4.4
45 years,2014,VSA49C01,Marriages per 1000 Males,7.2
45 years,2014,VSA49C02,Marriages per 1000 Females,5
45 years,2015,VSA49C01,Marriages per 1000 Males,7.3
45 years,2015,VSA49C02,Marriages per 1000 Females,4.8
45 years,2016,VSA49C01,Marriages per 1000 Males,7.7
45 years,2016,VSA49C02,Marriages per 1000 Females,5.6
45 years,2017,VSA49C01,Marriages per 1000 Males,7.7
45 years,2017,VSA49C02,Marriages per 1000 Females,5.7
45 years,2018,VSA49C01,Marriages per 1000 Males,7.5
45 years,2018,VSA49C02,Marriages per 1000 Females,5.7
45 years,2019,VSA49C01,Marriages per 1000 Males,7.7
45 years,2019,VSA49C02,Marriages per 1000 Females,5.6
46 years,1991,VSA49C01,Marriages per 1000 Males,1.3
46 years,1991,VSA49C02,Marriages per 1000 Females,0.8
46 years,1996,VSA49C01,Marriages per 1000 Males,1.7
46 years,1996,VSA49C02,Marriages per 1000 Females,0.8
46 years,2000,VSA49C01,Marriages per 1000 Males,3.6
46 years,2000,VSA49C02,Marriages per 1000 Females,2.3
46 years,2001,VSA49C01,Marriages per 1000 Males,3.9
46 years,2001,VSA49C02,Marriages per 1000 Females,3.3
46 years,2002,VSA49C01,Marriages per 1000 Males,4.7
46 years,2002,VSA49C02,Marriages per 1000 Females,3
46 years,2003,VSA49C01,Marriages per 1000 Males,4.1
46 years,2003,VSA49C02,Marriages per 1000 Females,2.7
46 years,2004,VSA49C01,Marriages per 1000 Males,4.5
46 years,2004,VSA49C02,Marriages per 1000 Females,2.9
46 years,2005,VSA49C01,Marriages per 1000 Males,5.3
46 years,2005,VSA49C02,Marriages per 1000 Females,3
46 years,2006,VSA49C01,Marriages per 1000 Males,5.2
46 years,2006,VSA49C02,Marriages per 1000 Females,2.4
46 years,2007,VSA49C01,Marriages per 1000 Males,4.4
46 years,2007,VSA49C02,Marriages per 1000 Females,3.9
46 years,2008,VSA49C01,Marriages per 1000 Males,5
46 years,2008,VSA49C02,Marriages per 1000 Females,4.1
46 years,2009,VSA49C01,Marriages per 1000 Males,5.4
46 years,2009,VSA49C02,Marriages per 1000 Females,3.2
46 years,2010,VSA49C01,Marriages per 1000 Males,4.4
46 years,2010,VSA49C02,Marriages per 1000 Females,3
46 years,2011,VSA49C01,Marriages per 1000 Males,5
46 years,2011,VSA49C02,Marriages per 1000 Females,3.7
46 years,2012,VSA49C01,Marriages per 1000 Males,5.3
46 years,2012,VSA49C02,Marriages per 1000 Females,4.2
46 years,2013,VSA49C01,Marriages per 1000 Males,5.7
46 years,2013,VSA49C02,Marriages per 1000 Females,3.9
46 years,2014,VSA49C01,Marriages per 1000 Males,5.3
46 years,2014,VSA49C02,Marriages per 1000 Females,3.3
46 years,2015,VSA49C01,Marriages per 1000 Males,5.8
46 years,2015,VSA49C02,Marriages per 1000 Females,4.3
46 years,2016,VSA49C01,Marriages per 1000 Males,6.8
46 years,2016,VSA49C02,Marriages per 1000 Females,4.4
46 years,2017,VSA49C01,Marriages per 1000 Males,6.2
46 years,2017,VSA49C02,Marriages per 1000 Females,5
46 years,2018,VSA49C01,Marriages per 1000 Males,6.8
46 years,2018,VSA49C02,Marriages per 1000 Females,5.6
46 years,2019,VSA49C01,Marriages per 1000 Males,8.1
46 years,2019,VSA49C02,Marriages per 1000 Females,5.9
47 years,1991,VSA49C01,Marriages per 1000 Males,1.6
47 years,1991,VSA49C02,Marriages per 1000 Females,0.7
47 years,1996,VSA49C01,Marriages per 1000 Males,1.3
47 years,1996,VSA49C02,Marriages per 1000 Females,0.5
47 years,2000,VSA49C01,Marriages per 1000 Males,2.8
47 years,2000,VSA49C02,Marriages per 1000 Females,2.2
47 years,2001,VSA49C01,Marriages per 1000 Males,3.6
47 years,2001,VSA49C02,Marriages per 1000 Females,2.5
47 years,2002,VSA49C01,Marriages per 1000 Males,4.4
47 years,2002,VSA49C02,Marriages per 1000 Females,2.2
47 years,2003,VSA49C01,Marriages per 1000 Males,3.9
47 years,2003,VSA49C02,Marriages per 1000 Females,2.2
47 years,2004,VSA49C01,Marriages per 1000 Males,4.8
47 years,2004,VSA49C02,Marriages per 1000 Females,2.3
47 years,2005,VSA49C01,Marriages per 1000 Males,4.2
47 years,2005,VSA49C02,Marriages per 1000 Females,3.1
47 years,2006,VSA49C01,Marriages per 1000 Males,4.2
47 years,2006,VSA49C02,Marriages per 1000 Females,3.6
47 years,2007,VSA49C01,Marriages per 1000 Males,3.8
47 years,2007,VSA49C02,Marriages per 1000 Females,2.6
47 years,2008,VSA49C01,Marriages per 1000 Males,4.8
47 years,2008,VSA49C02,Marriages per 1000 Females,3
47 years,2009,VSA49C01,Marriages per 1000 Males,5
47 years,2009,VSA49C02,Marriages per 1000 Females,3.7
47 years,2010,VSA49C01,Marriages per 1000 Males,4.5
47 years,2010,VSA49C02,Marriages per 1000 Females,2.9
47 years,2011,VSA49C01,Marriages per 1000 Males,5.1
47 years,2011,VSA49C02,Marriages per 1000 Females,3
47 years,2012,VSA49C01,Marriages per 1000 Males,4.5
47 years,2012,VSA49C02,Marriages per 1000 Females,3.2
47 years,2013,VSA49C01,Marriages per 1000 Males,4.8
47 years,2013,VSA49C02,Marriages per 1000 Females,3.6
47 years,2014,VSA49C01,Marriages per 1000 Males,5.6
47 years,2014,VSA49C02,Marriages per 1000 Females,3.5
47 years,2015,VSA49C01,Marriages per 1000 Males,5.5
47 years,2015,VSA49C02,Marriages per 1000 Females,4.5
47 years,2016,VSA49C01,Marriages per 1000 Males,6.8
47 years,2016,VSA49C02,Marriages per 1000 Females,4.4
47 years,2017,VSA49C01,Marriages per 1000 Males,6.6
47 years,2017,VSA49C02,Marriages per 1000 Females,4.5
47 years,2018,VSA49C01,Marriages per 1000 Males,6.2
47 years,2018,VSA49C02,Marriages per 1000 Females,4.5
47 years,2019,VSA49C01,Marriages per 1000 Males,6.1
47 years,2019,VSA49C02,Marriages per 1000 Females,4.5
48 years,1991,VSA49C01,Marriages per 1000 Males,1
48 years,1991,VSA49C02,Marriages per 1000 Females,0.4
48 years,1996,VSA49C01,Marriages per 1000 Males,1.4
48 years,1996,VSA49C02,Marriages per 1000 Females,0.7
48 years,2000,VSA49C01,Marriages per 1000 Males,3.4
48 years,2000,VSA49C02,Marriages per 1000 Females,2.3
48 years,2001,VSA49C01,Marriages per 1000 Males,2.8
48 years,2001,VSA49C02,Marriages per 1000 Females,2.3
48 years,2002,VSA49C01,Marriages per 1000 Males,3.7
48 years,2002,VSA49C02,Marriages per 1000 Females,2.5
48 years,2003,VSA49C01,Marriages per 1000 Males,3.6
48 years,2003,VSA49C02,Marriages per 1000 Females,2
48 years,2004,VSA49C01,Marriages per 1000 Males,3.9
48 years,2004,VSA49C02,Marriages per 1000 Females,2.2
48 years,2005,VSA49C01,Marriages per 1000 Males,4.1
48 years,2005,VSA49C02,Marriages per 1000 Females,2.8
48 years,2006,VSA49C01,Marriages per 1000 Males,3.4
48 years,2006,VSA49C02,Marriages per 1000 Females,2.9
48 years,2007,VSA49C01,Marriages per 1000 Males,4.4
48 years,2007,VSA49C02,Marriages per 1000 Females,3.1
48 years,2008,VSA49C01,Marriages per 1000 Males,4.6
48 years,2008,VSA49C02,Marriages per 1000 Females,2.9
48 years,2009,VSA49C01,Marriages per 1000 Males,4.3
48 years,2009,VSA49C02,Marriages per 1000 Females,3.1
48 years,2010,VSA49C01,Marriages per 1000 Males,4.1
48 years,2010,VSA49C02,Marriages per 1000 Females,2.4
48 years,2011,VSA49C01,Marriages per 1000 Males,4.7
48 years,2011,VSA49C02,Marriages per 1000 Females,3.1
48 years,2012,VSA49C01,Marriages per 1000 Males,4.6
48 years,2012,VSA49C02,Marriages per 1000 Females,3.3
48 years,2013,VSA49C01,Marriages per 1000 Males,3.9
48 years,2013,VSA49C02,Marriages per 1000 Females,2.5
48 years,2014,VSA49C01,Marriages per 1000 Males,4.4
48 years,2014,VSA49C02,Marriages per 1000 Females,3.3
48 years,2015,VSA49C01,Marriages per 1000 Males,4.6
48 years,2015,VSA49C02,Marriages per 1000 Females,3.1
48 years,2016,VSA49C01,Marriages per 1000 Males,5.9
48 years,2016,VSA49C02,Marriages per 1000 Females,4.4
48 years,2017,VSA49C01,Marriages per 1000 Males,5.5
48 years,2017,VSA49C02,Marriages per 1000 Females,4.4
48 years,2018,VSA49C01,Marriages per 1000 Males,5.7
48 years,2018,VSA49C02,Marriages per 1000 Females,4.5
48 years,2019,VSA49C01,Marriages per 1000 Males,5.9
48 years,2019,VSA49C02,Marriages per 1000 Females,4.4
49 years,1991,VSA49C01,Marriages per 1000 Males,0.9
49 years,1991,VSA49C02,Marriages per 1000 Females,0.5
49 years,1996,VSA49C01,Marriages per 1000 Males,1.3
49 years,1996,VSA49C02,Marriages per 1000 Females,0.7
49 years,2000,VSA49C01,Marriages per 1000 Males,2.7
49 years,2000,VSA49C02,Marriages per 1000 Females,2.8
49 years,2001,VSA49C01,Marriages per 1000 Males,3
49 years,2001,VSA49C02,Marriages per 1000 Females,2.1
49 years,2002,VSA49C01,Marriages per 1000 Males,3.3
49 years,2002,VSA49C02,Marriages per 1000 Females,2.3
49 years,2003,VSA49C01,Marriages per 1000 Males,3.1
49 years,2003,VSA49C02,Marriages per 1000 Females,2.2
49 years,2004,VSA49C01,Marriages per 1000 Males,3.2
49 years,2004,VSA49C02,Marriages per 1000 Females,2.3
49 years,2005,VSA49C01,Marriages per 1000 Males,3.4
49 years,2005,VSA49C02,Marriages per 1000 Females,2.9
49 years,2006,VSA49C01,Marriages per 1000 Males,3.2
49 years,2006,VSA49C02,Marriages per 1000 Females,3.2
49 years,2007,VSA49C01,Marriages per 1000 Males,3.7
49 years,2007,VSA49C02,Marriages per 1000 Females,3
49 years,2008,VSA49C01,Marriages per 1000 Males,3.6
49 years,2008,VSA49C02,Marriages per 1000 Females,3.1
49 years,2009,VSA49C01,Marriages per 1000 Males,4.1
49 years,2009,VSA49C02,Marriages per 1000 Females,3.2
49 years,2010,VSA49C01,Marriages per 1000 Males,3.5
49 years,2010,VSA49C02,Marriages per 1000 Females,2.7
49 years,2011,VSA49C01,Marriages per 1000 Males,4.2
49 years,2011,VSA49C02,Marriages per 1000 Females,2.6
49 years,2012,VSA49C01,Marriages per 1000 Males,4.1
49 years,2012,VSA49C02,Marriages per 1000 Females,2.8
49 years,2013,VSA49C01,Marriages per 1000 Males,3.9
49 years,2013,VSA49C02,Marriages per 1000 Females,2.9
49 years,2014,VSA49C01,Marriages per 1000 Males,3.8
49 years,2014,VSA49C02,Marriages per 1000 Females,3.4
49 years,2015,VSA49C01,Marriages per 1000 Males,4.8
49 years,2015,VSA49C02,Marriages per 1000 Females,3.7
49 years,2016,VSA49C01,Marriages per 1000 Males,5.7
49 years,2016,VSA49C02,Marriages per 1000 Females,4.5
49 years,2017,VSA49C01,Marriages per 1000 Males,5.9
49 years,2017,VSA49C02,Marriages per 1000 Females,4.4
49 years,2018,VSA49C01,Marriages per 1000 Males,6.4
49 years,2018,VSA49C02,Marriages per 1000 Females,4.8
49 years,2019,VSA49C01,Marriages per 1000 Males,6.3
49 years,2019,VSA49C02,Marriages per 1000 Females,4.2
